,SeniorCitizen,tenure,MonthlyCharges,TotalCharges
count,7032.0,7032.0,7032.0,7032.0
mean,0.16240045506257111,32.421786120591584,64.79820819112628,2283.300440841866
std,0.3688439967571208,24.545259709263192,30.08597388404983,2266.7713618831453
min,0.0,1.0,18.25,18.8
25%,0.0,9.0,35.5875,401.45
50%,0.0,29.0,70.35,1397.475
75%,0.0,55.0,89.8625,3794.7375
max,1.0,72.0,118.75,8684.8
